<?xml version="1.0" encoding="UTF-8"?>
<project-private xmlns="http://www.netbeans.org/ns/project-private/1">
    <open-files xmlns="http://www.netbeans.org/ns/projectui-open-files/2">
        <group>
            <file>file:/Users/andy/Desktop/Proyecto2/project2/src/project2/NodoDoc.java</file>
            <file>file:/Users/andy/Desktop/Proyecto2/project2/src/Interfaces/VentanaAgregarDocumento.java</file>
            <file>file:/Users/andy/Desktop/Proyecto2/project2/src/project2/Project2.java</file>
            <file>file:/Users/andy/Desktop/Proyecto2/project2/test/new.csv</file>
            <file>file:/Users/andy/Desktop/Proyecto2/project2/src/project2/NodoArbol.java</file>
            <file>file:/Users/andy/Desktop/Proyecto2/project2/src/project2/NodoUsers.java</file>
            <file>file:/Users/andy/Desktop/Proyecto2/project2/src/Interfaces/VentanaPrincipal.java</file>
            <file>file:/Users/andy/Desktop/Proyecto2/project2/src/project2/Funciones.java</file>
            <file>file:/Users/andy/Desktop/Proyecto2/project2/src/project2/Users.java</file>
            <file>file:/Users/andy/Desktop/Proyecto2/project2/src/Interfaces/VentanaImprimirDocumento.java</file>
            <file>file:/Users/andy/Desktop/Proyecto2/project2/src/Interfaces/VentanaEliminarUsuario.java</file>
            <file>file:/Users/andy/Desktop/Proyecto2/project2/src/project2/NodoHash.java</file>
            <file>file:/Users/andy/Desktop/Proyecto2/project2/src/project2/Hash_table.java</file>
            <file>file:/Users/andy/Desktop/Proyecto2/project2/src/Interfaces/imprimir.java</file>
            <file>file:/Users/andy/Desktop/Proyecto2/project2/src/project2/ListaDoc.java</file>
            <file>file:/Users/andy/Desktop/Proyecto2/project2/src/Interfaces/VentanaEliminarDocumento.java</file>
            <file>file:/Users/andy/Desktop/Proyecto2/project2/src/Interfaces/VentanaAgregarUsuario.java</file>
            <file>file:/Users/andy/Desktop/Proyecto2/project2/src/project2/MonticuloMin.java</file>
        </group>
    </open-files>
</project-private>
