<?xml version="1.0" encoding="UTF-8"?>
<project-private xmlns="http://www.netbeans.org/ns/project-private/1">
    <editor-bookmarks xmlns="http://www.netbeans.org/ns/editor-bookmarks/2" lastBookmarkId="0"/>
    <open-files xmlns="http://www.netbeans.org/ns/projectui-open-files/2">
        <group>
            <file>file:/Users/andy/Desktop/Proyecto2/Quiz2/src/code/Funciones.java</file>
            <file>file:/Users/andy/Desktop/Proyecto2/Quiz2/src/quiz2/Quiz2.java</file>
            <file>file:/Users/andy/Desktop/Proyecto2/Quiz2/src/quiz2/cargarDatos.java</file>
            <file>file:/Users/andy/Desktop/Proyecto2/Quiz2/src/code/NodoArbol.java</file>
            <file>file:/Users/andy/Desktop/Proyecto2/Quiz2/src/code/ArbolBinario.java</file>
        </group>
    </open-files>
</project-private>
